mean_accuracy,mean_precision,mean_recall,mean_return_pct,mean_drawdown_pct,mean_win_rate_pct,mean_alpha_vs_buy_hold_pct,total_closed_trades,years_tested,params_json,trial
0.5004843362477644,0.5186918165498918,0.6134660113235185,45.253063881515885,-32.30870048968967,63.246079757324125,-124.38770286754306,207,11,"{""buy_threshold"": 0.53, ""colsample_bytree"": 1.0, ""gamma"": 1.0, ""learning_rate"": 0.01, ""max_depth"": 5, ""min_child_weight"": 4, ""n_estimators"": 100, ""reg_alpha"": 0.1, ""reg_lambda"": 5.0, ""sell_threshold"": 0.49, ""subsample"": 0.8}",82
0.4976660424550509,0.5255186342582486,0.5534177623926709,40.60713972224447,-35.29626281736606,56.47934812946928,-129.03362702681446,482,11,"{""buy_threshold"": 0.51, ""colsample_bytree"": 0.9, ""gamma"": 1.0, ""learning_rate"": 0.03, ""max_depth"": 5, ""min_child_weight"": 6, ""n_estimators"": 100, ""reg_alpha"": 1.0, ""reg_lambda"": 5.0, ""sell_threshold"": 0.49, ""subsample"": 1.0}",46
0.5110044362948432,0.5397816043422953,0.5709497064615658,37.24641836206558,-37.86146995806686,57.065233128857045,-132.39434838699336,421,11,"{""buy_threshold"": 0.5, ""colsample_bytree"": 0.7, ""gamma"": 0.5, ""learning_rate"": 0.01, ""max_depth"": 6, ""min_child_weight"": 6, ""n_estimators"": 150, ""reg_alpha"": 1.0, ""reg_lambda"": 2.0, ""sell_threshold"": 0.47, ""subsample"": 0.8}",72
0.4988251335188028,0.5112246143024061,0.5900471163517286,34.947531953936405,-37.23726627981608,50.393771191082536,-134.69323479512252,350,11,"{""buy_threshold"": 0.51, ""colsample_bytree"": 0.8, ""gamma"": 0.5, ""learning_rate"": 0.01, ""max_depth"": 5, ""min_child_weight"": 2, ""n_estimators"": 100, ""reg_alpha"": 0.1, ""reg_lambda"": 2.0, ""sell_threshold"": 0.47, ""subsample"": 1.0}",35
0.5115077649079242,0.5359954907209968,0.553531523470602,29.39144882851076,-32.92209355794653,62.479086416301804,-140.2493179205482,241,11,"{""buy_threshold"": 0.52, ""colsample_bytree"": 0.8, ""gamma"": 0.0, ""learning_rate"": 0.01, ""max_depth"": 2, ""min_child_weight"": 4, ""n_estimators"": 200, ""reg_alpha"": 0.0, ""reg_lambda"": 5.0, ""sell_threshold"": 0.48, ""subsample"": 0.9}",37
0.5043754202911461,0.5289658868126499,0.5566461134169285,28.415375471695327,-31.034056493036875,60.507369435292205,-141.22539127736363,193,11,"{""buy_threshold"": 0.55, ""colsample_bytree"": 0.8, ""gamma"": 0.0, ""learning_rate"": 0.01, ""max_depth"": 4, ""min_child_weight"": 2, ""n_estimators"": 200, ""reg_alpha"": 0.1, ""reg_lambda"": 5.0, ""sell_threshold"": 0.47, ""subsample"": 0.9}",33
0.5129901592327332,0.5401548306302304,0.5570280050580787,28.031439575862745,-27.502569980713506,59.67051467051467,-141.60932717319622,123,11,"{""buy_threshold"": 0.58, ""colsample_bytree"": 0.7, ""gamma"": 0.1, ""learning_rate"": 0.03, ""max_depth"": 2, ""min_child_weight"": 2, ""n_estimators"": 100, ""reg_alpha"": 0.01, ""reg_lambda"": 5.0, ""sell_threshold"": 0.45, ""subsample"": 0.8}",55
0.49391941174396314,0.5239033133856216,0.5107448576663074,26.426771447722967,-37.360081812937786,53.2363366337122,-143.21399530133598,564,11,"{""buy_threshold"": 0.5, ""colsample_bytree"": 1.0, ""gamma"": 0.3, ""learning_rate"": 0.1, ""max_depth"": 6, ""min_child_weight"": 2, ""n_estimators"": 300, ""reg_alpha"": 0.0, ""reg_lambda"": 5.0, ""sell_threshold"": 0.5, ""subsample"": 0.7}",38
0.5035539850251077,0.5318544725944786,0.5453230463592955,26.180982008391144,-38.4542269589684,56.00295476937253,-143.45978474066783,403,11,"{""buy_threshold"": 0.5, ""colsample_bytree"": 1.0, ""gamma"": 0.5, ""learning_rate"": 0.03, ""max_depth"": 2, ""min_child_weight"": 6, ""n_estimators"": 100, ""reg_alpha"": 0.01, ""reg_lambda"": 5.0, ""sell_threshold"": 0.47, ""subsample"": 0.8}",22
0.506268779706503,0.5324484832026507,0.5525469458860646,25.990630753977563,-39.69712428264521,58.64365689114663,-143.6501359950814,410,11,"{""buy_threshold"": 0.5, ""colsample_bytree"": 0.8, ""gamma"": 0.1, ""learning_rate"": 0.03, ""max_depth"": 3, ""min_child_weight"": 6, ""n_estimators"": 100, ""reg_alpha"": 1.0, ""reg_lambda"": 2.0, ""sell_threshold"": 0.47, ""subsample"": 0.7}",2
0.4981548948027114,0.5169392157965622,0.5551910457346263,24.596305899834757,-32.89755002872131,59.890654254212606,-145.04446084922418,207,11,"{""buy_threshold"": 0.55, ""colsample_bytree"": 1.0, ""gamma"": 0.5, ""learning_rate"": 0.01, ""max_depth"": 4, ""min_child_weight"": 2, ""n_estimators"": 200, ""reg_alpha"": 0.0, ""reg_lambda"": 2.0, ""sell_threshold"": 0.47, ""subsample"": 0.9}",12
0.5074300978880119,0.5345847703759198,0.5505052496164756,24.353518719224326,-33.09826221578285,60.624207064561055,-145.28724802983464,241,11,"{""buy_threshold"": 0.55, ""colsample_bytree"": 0.9, ""gamma"": 0.3, ""learning_rate"": 0.01, ""max_depth"": 4, ""min_child_weight"": 2, ""n_estimators"": 300, ""reg_alpha"": 0.01, ""reg_lambda"": 5.0, ""sell_threshold"": 0.49, ""subsample"": 0.7}",31
0.4979042203262851,0.5269099461773757,0.5380470253455943,24.20250324807317,-37.19740276959101,57.14102614589808,-145.43826350098578,417,11,"{""buy_threshold"": 0.51, ""colsample_bytree"": 0.8, ""gamma"": 0.1, ""learning_rate"": 0.05, ""max_depth"": 4, ""min_child_weight"": 2, ""n_estimators"": 100, ""reg_alpha"": 0.1, ""reg_lambda"": 2.0, ""sell_threshold"": 0.48, ""subsample"": 1.0}",97
0.500386961710278,0.5289866126900755,0.5214654211627052,23.325270808632705,-35.11767289817627,60.18608584632628,-146.31549594042625,336,11,"{""buy_threshold"": 0.53, ""colsample_bytree"": 0.8, ""gamma"": 0.3, ""learning_rate"": 0.01, ""max_depth"": 4, ""min_child_weight"": 1, ""n_estimators"": 400, ""reg_alpha"": 0.0, ""reg_lambda"": 1.0, ""sell_threshold"": 0.5, ""subsample"": 0.7}",76
0.4993001282448642,0.5290625601836795,0.5204064860213883,22.719818750888187,-35.32727310531335,58.755703755703756,-146.92094799817076,360,11,"{""buy_threshold"": 0.55, ""colsample_bytree"": 1.0, ""gamma"": 0.3, ""learning_rate"": 0.03, ""max_depth"": 6, ""min_child_weight"": 2, ""n_estimators"": 100, ""reg_alpha"": 1.0, ""reg_lambda"": 1.0, ""sell_threshold"": 0.47, ""subsample"": 0.8}",15
0.4868749145498221,0.5168974092914643,0.49267666443241825,22.68966791601824,-34.167942665503624,56.09105740352791,-146.95109883304067,466,11,"{""buy_threshold"": 0.55, ""colsample_bytree"": 0.9, ""gamma"": 0.1, ""learning_rate"": 0.05, ""max_depth"": 5, ""min_child_weight"": 4, ""n_estimators"": 200, ""reg_alpha"": 0.1, ""reg_lambda"": 0.5, ""sell_threshold"": 0.47, ""subsample"": 0.8}",6
0.5126629585156013,0.5526167762944064,0.6096468404855229,22.084092872368476,-31.1530594780845,59.405745769382136,-147.55667387669047,91,11,"{""buy_threshold"": 0.55, ""colsample_bytree"": 0.8, ""gamma"": 0.0, ""learning_rate"": 0.01, ""max_depth"": 3, ""min_child_weight"": 6, ""n_estimators"": 100, ""reg_alpha"": 0.01, ""reg_lambda"": 0.5, ""sell_threshold"": 0.45, ""subsample"": 0.7}",25
0.49440869714229857,0.5215465335372895,0.522969809461219,21.605206983991177,-37.62270508871462,57.13267090846512,-148.0355597650678,494,11,"{""buy_threshold"": 0.53, ""colsample_bytree"": 1.0, ""gamma"": 1.0, ""learning_rate"": 0.08, ""max_depth"": 4, ""min_child_weight"": 4, ""n_estimators"": 400, ""reg_alpha"": 0.01, ""reg_lambda"": 1.0, ""sell_threshold"": 0.49, ""subsample"": 0.9}",40
0.5018888433154607,0.5320156415596536,0.5750047059929057,21.242747208558075,-31.521627820144577,62.91093006610249,-148.39801954050085,152,11,"{""buy_threshold"": 0.55, ""colsample_bytree"": 1.0, ""gamma"": 0.1, ""learning_rate"": 0.01, ""max_depth"": 3, ""min_child_weight"": 2, ""n_estimators"": 150, ""reg_alpha"": 1.0, ""reg_lambda"": 0.5, ""sell_threshold"": 0.47, ""subsample"": 0.7}",45
0.49466320721041745,0.5255605034795462,0.5032054672533832,20.860070216403475,-34.987582394473606,56.155176354476765,-148.78069653265547,511,11,"{""buy_threshold"": 0.5, ""colsample_bytree"": 0.7, ""gamma"": 0.0, ""learning_rate"": 0.03, ""max_depth"": 6, ""min_child_weight"": 1, ""n_estimators"": 400, ""reg_alpha"": 0.01, ""reg_lambda"": 0.5, ""sell_threshold"": 0.48, ""subsample"": 0.8}",17
0.4955829449796745,0.5259645364209361,0.5246220418137143,20.757806458431943,-36.56654862152933,57.184022021595496,-148.882960290627,475,11,"{""buy_threshold"": 0.51, ""colsample_bytree"": 1.0, ""gamma"": 1.0, ""learning_rate"": 0.03, ""max_depth"": 6, ""min_child_weight"": 2, ""n_estimators"": 100, ""reg_alpha"": 0.01, ""reg_lambda"": 5.0, ""sell_threshold"": 0.49, ""subsample"": 0.9}",18
0.48704949583621776,0.5206095287333609,0.5028109935026799,19.540238170833717,-34.72873620772795,54.24199155971781,-150.10052857822524,498,11,"{""buy_threshold"": 0.53, ""colsample_bytree"": 0.8, ""gamma"": 1.0, ""learning_rate"": 0.08, ""max_depth"": 5, ""min_child_weight"": 4, ""n_estimators"": 400, ""reg_alpha"": 0.01, ""reg_lambda"": 2.0, ""sell_threshold"": 0.49, ""subsample"": 0.7}",80
0.49201745317948903,0.5216102997675104,0.4949886273121262,19.341298369233478,-35.68323262410548,56.3305758707925,-150.29946837982544,507,11,"{""buy_threshold"": 0.53, ""colsample_bytree"": 0.9, ""gamma"": 1.0, ""learning_rate"": 0.05, ""max_depth"": 6, ""min_child_weight"": 4, ""n_estimators"": 200, ""reg_alpha"": 1.0, ""reg_lambda"": 1.0, ""sell_threshold"": 0.5, ""subsample"": 0.7}",84
0.4988952877281481,0.5171070628135348,0.5498980289193337,19.183759550922584,-32.611414046299785,57.28980354372204,-150.45700719813638,239,11,"{""buy_threshold"": 0.58, ""colsample_bytree"": 1.0, ""gamma"": 1.0, ""learning_rate"": 0.08, ""max_depth"": 4, ""min_child_weight"": 2, ""n_estimators"": 400, ""reg_alpha"": 1.0, ""reg_lambda"": 1.0, ""sell_threshold"": 0.45, ""subsample"": 1.0}",42
0.49030479962435947,0.517278311360556,0.5472317543711009,19.107184472357137,-35.15811885532864,60.087439463751316,-150.5335822767018,248,11,"{""buy_threshold"": 0.55, ""colsample_bytree"": 0.7, ""gamma"": 0.5, ""learning_rate"": 0.01, ""max_depth"": 4, ""min_child_weight"": 6, ""n_estimators"": 200, ""reg_alpha"": 0.0, ""reg_lambda"": 1.0, ""sell_threshold"": 0.48, ""subsample"": 1.0}",79
0.4915954143645384,0.5262260499423941,0.48466840639540026,18.303011604136973,-36.76577811761968,55.21881224345052,-151.33775514492197,499,11,"{""buy_threshold"": 0.5, ""colsample_bytree"": 0.8, ""gamma"": 0.1, ""learning_rate"": 0.1, ""max_depth"": 2, ""min_child_weight"": 4, ""n_estimators"": 400, ""reg_alpha"": 0.0, ""reg_lambda"": 5.0, ""sell_threshold"": 0.45, ""subsample"": 0.7}",89
0.49565198563014135,0.5321190752830615,0.4944405290645327,18.14548237973746,-36.35384816424633,58.06188385791275,-151.4952843693215,424,11,"{""buy_threshold"": 0.5, ""colsample_bytree"": 1.0, ""gamma"": 0.5, ""learning_rate"": 0.1, ""max_depth"": 2, ""min_child_weight"": 6, ""n_estimators"": 100, ""reg_alpha"": 0.1, ""reg_lambda"": 1.0, ""sell_threshold"": 0.48, ""subsample"": 0.9}",68
0.48993775824513014,0.5242429951166584,0.477570283054192,18.0442993836598,-35.005867819674386,56.95345930707876,-151.59646736539915,527,11,"{""buy_threshold"": 0.5, ""colsample_bytree"": 0.9, ""gamma"": 0.1, ""learning_rate"": 0.1, ""max_depth"": 6, ""min_child_weight"": 1, ""n_estimators"": 200, ""reg_alpha"": 0.1, ""reg_lambda"": 0.5, ""sell_threshold"": 0.5, ""subsample"": 0.7}",29
0.501725830668525,0.5333206361480095,0.5344247698918092,16.93134737467107,-37.23753529377137,55.635319532327955,-152.70941937438786,405,11,"{""buy_threshold"": 0.5, ""colsample_bytree"": 0.8, ""gamma"": 0.0, ""learning_rate"": 0.05, ""max_depth"": 2, ""min_child_weight"": 2, ""n_estimators"": 100, ""reg_alpha"": 0.0, ""reg_lambda"": 5.0, ""sell_threshold"": 0.45, ""subsample"": 0.8}",1
0.49458507249577616,0.5214290436720165,0.5488829269735463,16.70290004583161,-33.17575053476042,62.859858745915716,-152.93786670322734,228,11,"{""buy_threshold"": 0.58, ""colsample_bytree"": 0.7, ""gamma"": 1.0, ""learning_rate"": 0.05, ""max_depth"": 3, ""min_child_weight"": 4, ""n_estimators"": 400, ""reg_alpha"": 0.1, ""reg_lambda"": 0.5, ""sell_threshold"": 0.48, ""subsample"": 1.0}",39
0.4850508432424607,0.5178817896113711,0.48278378930070626,16.463740441073227,-36.09177763430507,55.46412246483853,-153.1770263079857,486,11,"{""buy_threshold"": 0.53, ""colsample_bytree"": 1.0, ""gamma"": 0.3, ""learning_rate"": 0.1, ""max_depth"": 6, ""min_child_weight"": 1, ""n_estimators"": 150, ""reg_alpha"": 0.1, ""reg_lambda"": 1.0, ""sell_threshold"": 0.5, ""subsample"": 0.9}",41
0.5062612941162642,0.5352673435025777,0.5357478516804075,16.114599514837746,-37.28940896598653,58.01385044128045,-153.5261672342212,421,11,"{""buy_threshold"": 0.51, ""colsample_bytree"": 0.7, ""gamma"": 0.3, ""learning_rate"": 0.05, ""max_depth"": 4, ""min_child_weight"": 2, ""n_estimators"": 200, ""reg_alpha"": 0.0, ""reg_lambda"": 1.0, ""sell_threshold"": 0.47, ""subsample"": 0.8}",65
0.5071869090018244,0.5434972630163165,0.5518156542509158,15.951849790317482,-36.15406214732423,57.82362144520919,-153.68891695874146,275,11,"{""buy_threshold"": 0.51, ""colsample_bytree"": 1.0, ""gamma"": 1.0, ""learning_rate"": 0.01, ""max_depth"": 2, ""min_child_weight"": 1, ""n_estimators"": 300, ""reg_alpha"": 0.0, ""reg_lambda"": 1.0, ""sell_threshold"": 0.5, ""subsample"": 1.0}",69
0.4843120587909597,0.5103263190542218,0.5001907319395553,15.922722144067915,-35.39041089799384,55.66244437905356,-153.71804460499104,531,11,"{""buy_threshold"": 0.51, ""colsample_bytree"": 0.7, ""gamma"": 0.3, ""learning_rate"": 0.1, ""max_depth"": 6, ""min_child_weight"": 2, ""n_estimators"": 200, ""reg_alpha"": 0.01, ""reg_lambda"": 1.0, ""sell_threshold"": 0.45, ""subsample"": 0.9}",43
0.5007893276517085,0.5393653071758873,0.5206100157779319,15.364570907341896,-36.6623119272407,54.28853862607498,-154.27619584171705,325,11,"{""buy_threshold"": 0.51, ""colsample_bytree"": 0.8, ""gamma"": 0.3, ""learning_rate"": 0.01, ""max_depth"": 2, ""min_child_weight"": 1, ""n_estimators"": 400, ""reg_alpha"": 0.01, ""reg_lambda"": 5.0, ""sell_threshold"": 0.45, ""subsample"": 0.7}",32
0.4900222031267496,0.5256189587237423,0.5030616905946236,14.368033185108464,-38.33938911565862,53.85989709516016,-155.27273356395048,527,11,"{""buy_threshold"": 0.5, ""colsample_bytree"": 0.8, ""gamma"": 0.0, ""learning_rate"": 0.05, ""max_depth"": 4, ""min_child_weight"": 4, ""n_estimators"": 300, ""reg_alpha"": 0.0, ""reg_lambda"": 5.0, ""sell_threshold"": 0.48, ""subsample"": 0.8}",3
0.49267723681499886,0.5251269682102394,0.5150180074528679,14.327096663843138,-32.30766549700781,57.90104091872347,-155.31367008521582,320,11,"{""buy_threshold"": 0.58, ""colsample_bytree"": 0.7, ""gamma"": 1.0, ""learning_rate"": 0.08, ""max_depth"": 4, ""min_child_weight"": 2, ""n_estimators"": 100, ""reg_alpha"": 0.1, ""reg_lambda"": 1.0, ""sell_threshold"": 0.49, ""subsample"": 0.9}",8
0.49580912116077375,0.5260080565241197,0.5085886014860723,14.21360369159995,-37.99561780540545,56.828411720551934,-155.427163057459,435,11,"{""buy_threshold"": 0.51, ""colsample_bytree"": 1.0, ""gamma"": 0.5, ""learning_rate"": 0.08, ""max_depth"": 2, ""min_child_weight"": 4, ""n_estimators"": 300, ""reg_alpha"": 1.0, ""reg_lambda"": 1.0, ""sell_threshold"": 0.48, ""subsample"": 0.9}",23
0.4967497072268115,0.522322092447795,0.5375845503048381,14.129862315652428,-33.160288465547154,58.295039688232166,-155.51090443340652,253,11,"{""buy_threshold"": 0.58, ""colsample_bytree"": 0.7, ""gamma"": 1.0, ""learning_rate"": 0.05, ""max_depth"": 4, ""min_child_weight"": 2, ""n_estimators"": 100, ""reg_alpha"": 0.0, ""reg_lambda"": 0.5, ""sell_threshold"": 0.49, ""subsample"": 0.8}",14
0.48711810343600964,0.5218264426348864,0.4909025340780614,13.623198865262365,-38.620846054097896,54.51089169555804,-156.0175678837966,540,11,"{""buy_threshold"": 0.51, ""colsample_bytree"": 0.9, ""gamma"": 0.0, ""learning_rate"": 0.08, ""max_depth"": 5, ""min_child_weight"": 2, ""n_estimators"": 300, ""reg_alpha"": 0.1, ""reg_lambda"": 5.0, ""sell_threshold"": 0.49, ""subsample"": 0.9}",60
0.49149847287772697,0.5218557053102153,0.5140023734116337,13.204679834625887,-36.346727914569186,55.504169448156205,-156.43608691443305,490,11,"{""buy_threshold"": 0.5, ""colsample_bytree"": 0.7, ""gamma"": 0.3, ""learning_rate"": 0.03, ""max_depth"": 6, ""min_child_weight"": 2, ""n_estimators"": 200, ""reg_alpha"": 0.0, ""reg_lambda"": 1.0, ""sell_threshold"": 0.49, ""subsample"": 0.7}",5
0.48786325991887103,0.5189112328326712,0.5091619916560761,12.880551008678406,-37.90057942053423,55.580202268387865,-156.76021574038052,411,11,"{""buy_threshold"": 0.53, ""colsample_bytree"": 1.0, ""gamma"": 0.3, ""learning_rate"": 0.1, ""max_depth"": 2, ""min_child_weight"": 1, ""n_estimators"": 400, ""reg_alpha"": 0.1, ""reg_lambda"": 5.0, ""sell_threshold"": 0.5, ""subsample"": 1.0}",50
0.499063744440712,0.5356526049437785,0.5163833203863915,12.607536685186933,-37.419333942176905,60.66951227752602,-157.03323006387197,402,11,"{""buy_threshold"": 0.51, ""colsample_bytree"": 0.7, ""gamma"": 0.1, ""learning_rate"": 0.08, ""max_depth"": 2, ""min_child_weight"": 2, ""n_estimators"": 100, ""reg_alpha"": 0.01, ""reg_lambda"": 5.0, ""sell_threshold"": 0.49, ""subsample"": 0.9}",20
0.5017135815208615,0.5271599138017399,0.5254573587320273,12.38618316844794,-36.03922853041276,59.19919219493276,-157.254583580611,400,11,"{""buy_threshold"": 0.53, ""colsample_bytree"": 0.8, ""gamma"": 0.1, ""learning_rate"": 0.05, ""max_depth"": 2, ""min_child_weight"": 4, ""n_estimators"": 400, ""reg_alpha"": 0.0, ""reg_lambda"": 2.0, ""sell_threshold"": 0.45, ""subsample"": 0.8}",13
0.487775845546909,0.5189209947995006,0.49530947005602016,11.890138984051333,-37.49834414163224,54.20503252985841,-157.7506277650076,498,11,"{""buy_threshold"": 0.51, ""colsample_bytree"": 0.7, ""gamma"": 0.0, ""learning_rate"": 0.08, ""max_depth"": 4, ""min_child_weight"": 6, ""n_estimators"": 300, ""reg_alpha"": 0.0, ""reg_lambda"": 2.0, ""sell_threshold"": 0.45, ""subsample"": 0.9}",54
0.4943348929344071,0.5133766271514719,0.5570876304581955,11.723102349829857,-40.397820346222794,50.83245407367429,-157.9176643992291,344,11,"{""buy_threshold"": 0.52, ""colsample_bytree"": 0.9, ""gamma"": 0.5, ""learning_rate"": 0.01, ""max_depth"": 3, ""min_child_weight"": 4, ""n_estimators"": 400, ""reg_alpha"": 0.1, ""reg_lambda"": 5.0, ""sell_threshold"": 0.47, ""subsample"": 1.0}",93
0.49956187644569333,0.5230357960773749,0.5440077261506855,11.572041510849534,-32.33917712379297,57.90357976154245,-158.0687252382094,233,11,"{""buy_threshold"": 0.58, ""colsample_bytree"": 0.7, ""gamma"": 1.0, ""learning_rate"": 0.1, ""max_depth"": 4, ""min_child_weight"": 4, ""n_estimators"": 200, ""reg_alpha"": 1.0, ""reg_lambda"": 2.0, ""sell_threshold"": 0.49, ""subsample"": 1.0}",88
0.4910936323610109,0.5230424160580555,0.512922297788898,11.355249340870635,-38.52283592280405,53.97164012229407,-158.28551740818833,525,11,"{""buy_threshold"": 0.5, ""colsample_bytree"": 0.8, ""gamma"": 1.0, ""learning_rate"": 0.08, ""max_depth"": 4, ""min_child_weight"": 4, ""n_estimators"": 200, ""reg_alpha"": 0.01, ""reg_lambda"": 5.0, ""sell_threshold"": 0.5, ""subsample"": 0.7}",73
0.4908484019502128,0.5257817971560467,0.510434346630264,11.016396337837248,-35.879806479464605,57.060491419049214,-158.6243704112217,418,11,"{""buy_threshold"": 0.52, ""colsample_bytree"": 0.9, ""gamma"": 1.0, ""learning_rate"": 0.08, ""max_depth"": 3, ""min_child_weight"": 2, ""n_estimators"": 400, ""reg_alpha"": 0.0, ""reg_lambda"": 1.0, ""sell_threshold"": 0.45, ""subsample"": 0.9}",56
0.49134950344553674,0.5212617275200414,0.5064897074608286,10.977339986912941,-37.18380577624498,55.73086568363628,-158.663426762146,392,11,"{""buy_threshold"": 0.55, ""colsample_bytree"": 0.8, ""gamma"": 1.0, ""learning_rate"": 0.03, ""max_depth"": 5, ""min_child_weight"": 2, ""n_estimators"": 300, ""reg_alpha"": 0.1, ""reg_lambda"": 5.0, ""sell_threshold"": 0.49, ""subsample"": 0.9}",9
0.5035550985839862,0.5212775959421126,0.6060460900667811,10.725284940668347,-27.414515246739313,49.328657082667775,-158.9154818083906,59,11,"{""buy_threshold"": 0.58, ""colsample_bytree"": 0.7, ""gamma"": 0.3, ""learning_rate"": 0.01, ""max_depth"": 5, ""min_child_weight"": 6, ""n_estimators"": 100, ""reg_alpha"": 0.1, ""reg_lambda"": 5.0, ""sell_threshold"": 0.48, ""subsample"": 0.9}",99
0.4932566586181105,0.5282529597963216,0.514799399003082,10.715433042649261,-38.476284270632156,55.331395093914736,-158.9253337064097,470,11,"{""buy_threshold"": 0.5, ""colsample_bytree"": 0.8, ""gamma"": 1.0, ""learning_rate"": 0.1, ""max_depth"": 2, ""min_child_weight"": 4, ""n_estimators"": 100, ""reg_alpha"": 0.0, ""reg_lambda"": 5.0, ""sell_threshold"": 0.47, ""subsample"": 0.8}",81
0.4853771159938605,0.5175986746518066,0.4899015767657662,10.698414053678965,-37.461662977485844,57.2304409710382,-158.94235269537998,444,11,"{""buy_threshold"": 0.53, ""colsample_bytree"": 0.7, ""gamma"": 0.3, ""learning_rate"": 0.03, ""max_depth"": 4, ""min_child_weight"": 2, ""n_estimators"": 400, ""reg_alpha"": 0.1, ""reg_lambda"": 1.0, ""sell_threshold"": 0.5, ""subsample"": 0.9}",28
0.4921829404017102,0.5296469189323149,0.5173948721722772,10.650929014529096,-35.81462282483624,55.404406437477355,-158.98983773452986,358,11,"{""buy_threshold"": 0.53, ""colsample_bytree"": 0.9, ""gamma"": 0.5, ""learning_rate"": 0.08, ""max_depth"": 2, ""min_child_weight"": 6, ""n_estimators"": 150, ""reg_alpha"": 0.0, ""reg_lambda"": 1.0, ""sell_threshold"": 0.49, ""subsample"": 1.0}",49
0.4949249554112466,0.5270539063707301,0.5153067812255487,10.618734027245468,-37.17874749904197,58.43654444751623,-159.0220327218135,468,11,"{""buy_threshold"": 0.5, ""colsample_bytree"": 1.0, ""gamma"": 1.0, ""learning_rate"": 0.01, ""max_depth"": 5, ""min_child_weight"": 4, ""n_estimators"": 300, ""reg_alpha"": 0.1, ""reg_lambda"": 2.0, ""sell_threshold"": 0.49, ""subsample"": 0.8}",94
0.4871219390277023,0.5202135114337435,0.49246006319303937,10.54410945596501,-36.83992399846978,55.19689860700298,-159.09665729309393,434,11,"{""buy_threshold"": 0.55, ""colsample_bytree"": 1.0, ""gamma"": 0.1, ""learning_rate"": 0.05, ""max_depth"": 4, ""min_child_weight"": 1, ""n_estimators"": 300, ""reg_alpha"": 0.01, ""reg_lambda"": 5.0, ""sell_threshold"": 0.48, ""subsample"": 0.7}",98
0.49226311664096206,0.5274511116845009,0.5432322593857147,10.526515787835393,-37.579340281362356,55.85595159757839,-159.11425096122358,342,11,"{""buy_threshold"": 0.52, ""colsample_bytree"": 0.7, ""gamma"": 0.3, ""learning_rate"": 0.03, ""max_depth"": 3, ""min_child_weight"": 2, ""n_estimators"": 150, ""reg_alpha"": 1.0, ""reg_lambda"": 1.0, ""sell_threshold"": 0.47, ""subsample"": 1.0}",34
0.49690999784093304,0.5217819470694087,0.5007241158189948,10.43742836951944,-30.646598937074472,60.07416113298466,-159.2033383795395,185,11,"{""buy_threshold"": 0.58, ""colsample_bytree"": 0.7, ""gamma"": 0.0, ""learning_rate"": 0.03, ""max_depth"": 3, ""min_child_weight"": 1, ""n_estimators"": 200, ""reg_alpha"": 0.01, ""reg_lambda"": 1.0, ""sell_threshold"": 0.49, ""subsample"": 1.0}",10
0.4900253582102387,0.517254506826908,0.5028412374695803,10.218169779584985,-37.93967720413346,53.94613946762359,-159.42259696947397,461,11,"{""buy_threshold"": 0.52, ""colsample_bytree"": 1.0, ""gamma"": 0.1, ""learning_rate"": 0.05, ""max_depth"": 5, ""min_child_weight"": 1, ""n_estimators"": 200, ""reg_alpha"": 0.01, ""reg_lambda"": 0.5, ""sell_threshold"": 0.45, ""subsample"": 1.0}",16
0.4880303556150279,0.5143714283350627,0.5250988276718941,10.15614327474083,-37.215748288472874,56.08219324917939,-159.4846234743181,439,11,"{""buy_threshold"": 0.52, ""colsample_bytree"": 0.9, ""gamma"": 0.3, ""learning_rate"": 0.03, ""max_depth"": 5, ""min_child_weight"": 6, ""n_estimators"": 150, ""reg_alpha"": 0.01, ""reg_lambda"": 5.0, ""sell_threshold"": 0.48, ""subsample"": 0.7}",53
0.48895145440069193,0.5159480631489541,0.4953354314192764,10.091864768265634,-34.872864314339616,53.03118249994429,-159.54890198079332,403,11,"{""buy_threshold"": 0.58, ""colsample_bytree"": 1.0, ""gamma"": 0.5, ""learning_rate"": 0.05, ""max_depth"": 6, ""min_child_weight"": 1, ""n_estimators"": 200, ""reg_alpha"": 0.0, ""reg_lambda"": 2.0, ""sell_threshold"": 0.5, ""subsample"": 0.7}",4
0.4954774043437457,0.528589576559963,0.504340846018856,9.241526344716705,-37.186909088319595,55.9107613982551,-160.39924040434224,455,11,"{""buy_threshold"": 0.5, ""colsample_bytree"": 1.0, ""gamma"": 0.1, ""learning_rate"": 0.08, ""max_depth"": 2, ""min_child_weight"": 1, ""n_estimators"": 200, ""reg_alpha"": 1.0, ""reg_lambda"": 1.0, ""sell_threshold"": 0.49, ""subsample"": 0.7}",87
0.49498855199608527,0.5214015893444154,0.5262966510185276,9.207639370476755,-33.88536987860193,55.48880370578813,-160.43312737858218,258,11,"{""buy_threshold"": 0.58, ""colsample_bytree"": 0.7, ""gamma"": 1.0, ""learning_rate"": 0.03, ""max_depth"": 6, ""min_child_weight"": 1, ""n_estimators"": 100, ""reg_alpha"": 0.1, ""reg_lambda"": 1.0, ""sell_threshold"": 0.49, ""subsample"": 0.9}",67
0.4887737180308072,0.5203380703602278,0.4755245896184693,9.017763737429497,-37.57648148540722,55.07784130938781,-160.62300301162944,564,11,"{""buy_threshold"": 0.51, ""colsample_bytree"": 0.7, ""gamma"": 0.3, ""learning_rate"": 0.08, ""max_depth"": 6, ""min_child_weight"": 6, ""n_estimators"": 400, ""reg_alpha"": 0.01, ""reg_lambda"": 5.0, ""sell_threshold"": 0.48, ""subsample"": 0.9}",61
0.4949976460602596,0.5247202472663463,0.5102778698324479,8.746607445805536,-37.37914215213138,56.6359491350079,-160.89415930325342,461,11,"{""buy_threshold"": 0.52, ""colsample_bytree"": 0.7, ""gamma"": 0.0, ""learning_rate"": 0.05, ""max_depth"": 3, ""min_child_weight"": 4, ""n_estimators"": 300, ""reg_alpha"": 0.1, ""reg_lambda"": 2.0, ""sell_threshold"": 0.49, ""subsample"": 0.7}",90
0.4947483326002404,0.5238001819354815,0.5066339617275865,8.082927545875627,-32.04918399131041,59.36774664047391,-161.55783920318333,305,11,"{""buy_threshold"": 0.58, ""colsample_bytree"": 0.9, ""gamma"": 0.0, ""learning_rate"": 0.08, ""max_depth"": 3, ""min_child_weight"": 2, ""n_estimators"": 100, ""reg_alpha"": 1.0, ""reg_lambda"": 2.0, ""sell_threshold"": 0.49, ""subsample"": 0.7}",100
0.4909190510746152,0.5109937448442475,0.5285815511032954,7.925927878995995,-40.69345030933598,53.166889269686926,-161.71483887006295,438,11,"{""buy_threshold"": 0.5, ""colsample_bytree"": 1.0, ""gamma"": 0.5, ""learning_rate"": 0.05, ""max_depth"": 3, ""min_child_weight"": 4, ""n_estimators"": 100, ""reg_alpha"": 0.0, ""reg_lambda"": 5.0, ""sell_threshold"": 0.48, ""subsample"": 1.0}",78
0.493830203304919,0.5260712000530341,0.5031971713258273,7.63666774456326,-35.23880901211588,59.229168494730516,-162.00409900449569,376,11,"{""buy_threshold"": 0.58, ""colsample_bytree"": 0.7, ""gamma"": 1.0, ""learning_rate"": 0.08, ""max_depth"": 4, ""min_child_weight"": 6, ""n_estimators"": 150, ""reg_alpha"": 0.0, ""reg_lambda"": 0.5, ""sell_threshold"": 0.5, ""subsample"": 0.8}",21
0.487359003340058,0.5210093306606821,0.4893830935943505,7.340742110882613,-37.03609151212356,55.87393172172667,-162.30002463817638,534,11,"{""buy_threshold"": 0.51, ""colsample_bytree"": 1.0, ""gamma"": 0.1, ""learning_rate"": 0.05, ""max_depth"": 4, ""min_child_weight"": 4, ""n_estimators"": 300, ""reg_alpha"": 0.01, ""reg_lambda"": 5.0, ""sell_threshold"": 0.49, ""subsample"": 1.0}",85
0.48854729439217937,0.5156489239087749,0.5047276180738782,7.2475647515174755,-34.756995751992605,49.22494126440281,-162.3932019975415,313,11,"{""buy_threshold"": 0.58, ""colsample_bytree"": 0.9, ""gamma"": 1.0, ""learning_rate"": 0.05, ""max_depth"": 6, ""min_child_weight"": 6, ""n_estimators"": 200, ""reg_alpha"": 0.1, ""reg_lambda"": 2.0, ""sell_threshold"": 0.49, ""subsample"": 1.0}",64
0.4924311403028509,0.5200616627482767,0.505731625886251,7.242410379056569,-37.82561084795774,52.898189611078344,-162.39835637000238,346,11,"{""buy_threshold"": 0.58, ""colsample_bytree"": 1.0, ""gamma"": 0.1, ""learning_rate"": 0.1, ""max_depth"": 2, ""min_child_weight"": 4, ""n_estimators"": 200, ""reg_alpha"": 0.1, ""reg_lambda"": 1.0, ""sell_threshold"": 0.47, ""subsample"": 0.7}",95
0.4909308671716037,0.5225616853009893,0.5047804750630047,7.02287555938228,-38.4754810784525,55.651897199323635,-162.6178911896767,508,11,"{""buy_threshold"": 0.5, ""colsample_bytree"": 0.9, ""gamma"": 0.3, ""learning_rate"": 0.1, ""max_depth"": 2, ""min_child_weight"": 6, ""n_estimators"": 400, ""reg_alpha"": 0.0, ""reg_lambda"": 2.0, ""sell_threshold"": 0.49, ""subsample"": 0.7}",58
0.4935736517121896,0.5229982022696141,0.5249199304915421,6.986793404747348,-38.8295470765009,54.50152674724246,-162.6539733443116,427,11,"{""buy_threshold"": 0.53, ""colsample_bytree"": 1.0, ""gamma"": 1.0, ""learning_rate"": 0.08, ""max_depth"": 3, ""min_child_weight"": 6, ""n_estimators"": 100, ""reg_alpha"": 0.01, ""reg_lambda"": 5.0, ""sell_threshold"": 0.49, ""subsample"": 0.7}",44
0.5033739596730838,0.5364275302820176,0.5353533261375758,6.744565235992573,-29.848514585956835,58.354646630508704,-162.89620151306636,133,11,"{""buy_threshold"": 0.58, ""colsample_bytree"": 1.0, ""gamma"": 0.5, ""learning_rate"": 0.01, ""max_depth"": 3, ""min_child_weight"": 4, ""n_estimators"": 300, ""reg_alpha"": 1.0, ""reg_lambda"": 5.0, ""sell_threshold"": 0.45, ""subsample"": 0.7}",19
0.49863873613541865,0.5299640931990434,0.5212277861999431,6.602376693251801,-36.76505164795036,57.70024049129992,-163.03839005580716,452,11,"{""buy_threshold"": 0.53, ""colsample_bytree"": 0.7, ""gamma"": 0.0, ""learning_rate"": 0.05, ""max_depth"": 4, ""min_child_weight"": 2, ""n_estimators"": 200, ""reg_alpha"": 0.01, ""reg_lambda"": 5.0, ""sell_threshold"": 0.5, ""subsample"": 0.9}",62
0.4876961642227142,0.519938013439792,0.4935408176699621,6.013518537279748,-37.519514100181425,54.98912415104432,-163.6272482117792,471,11,"{""buy_threshold"": 0.53, ""colsample_bytree"": 1.0, ""gamma"": 0.5, ""learning_rate"": 0.03, ""max_depth"": 6, ""min_child_weight"": 4, ""n_estimators"": 300, ""reg_alpha"": 0.1, ""reg_lambda"": 0.5, ""sell_threshold"": 0.48, ""subsample"": 0.8}",92
0.4900249251595637,0.5205611597276446,0.5033350176476251,5.730066503126502,-37.115185317903624,52.63582837185588,-163.91070024593245,424,11,"{""buy_threshold"": 0.55, ""colsample_bytree"": 0.7, ""gamma"": 1.0, ""learning_rate"": 0.05, ""max_depth"": 5, ""min_child_weight"": 6, ""n_estimators"": 200, ""reg_alpha"": 0.0, ""reg_lambda"": 0.5, ""sell_threshold"": 0.47, ""subsample"": 0.7}",27
0.4895254321381754,0.5215883633904177,0.4918968901662069,5.172276257632089,-36.29156784959362,55.13661297413967,-164.46849049142685,533,11,"{""buy_threshold"": 0.5, ""colsample_bytree"": 0.9, ""gamma"": 0.3, ""learning_rate"": 0.05, ""max_depth"": 4, ""min_child_weight"": 2, ""n_estimators"": 150, ""reg_alpha"": 1.0, ""reg_lambda"": 2.0, ""sell_threshold"": 0.45, ""subsample"": 0.8}",30
0.5007872861270979,0.5318626571356564,0.5190361752482745,5.060994258132892,-35.3461106518808,58.060382155402664,-164.57977249092605,322,11,"{""buy_threshold"": 0.53, ""colsample_bytree"": 1.0, ""gamma"": 1.0, ""learning_rate"": 0.03, ""max_depth"": 2, ""min_child_weight"": 2, ""n_estimators"": 200, ""reg_alpha"": 1.0, ""reg_lambda"": 5.0, ""sell_threshold"": 0.48, ""subsample"": 0.7}",70
0.4916877778870715,0.5227104316405582,0.49750479920122354,4.948647069223633,-33.72620760040696,58.89733050427871,-164.69211967983532,325,11,"{""buy_threshold"": 0.58, ""colsample_bytree"": 0.7, ""gamma"": 0.1, ""learning_rate"": 0.05, ""max_depth"": 4, ""min_child_weight"": 2, ""n_estimators"": 150, ""reg_alpha"": 0.01, ""reg_lambda"": 5.0, ""sell_threshold"": 0.47, ""subsample"": 0.9}",48
0.4949815613209036,0.5261330767385197,0.5206683385160396,4.82537535177691,-40.17077050265081,55.31686278270768,-164.81539139728204,517,11,"{""buy_threshold"": 0.51, ""colsample_bytree"": 0.7, ""gamma"": 0.1, ""learning_rate"": 0.05, ""max_depth"": 5, ""min_child_weight"": 2, ""n_estimators"": 400, ""reg_alpha"": 0.1, ""reg_lambda"": 0.5, ""sell_threshold"": 0.47, ""subsample"": 0.7}",71
0.49333250435061266,0.5298067813723081,0.5018223977455075,4.7931385065006475,-33.04200376112967,57.45662271806259,-164.8476282425583,403,11,"{""buy_threshold"": 0.58, ""colsample_bytree"": 0.7, ""gamma"": 1.0, ""learning_rate"": 0.08, ""max_depth"": 3, ""min_child_weight"": 6, ""n_estimators"": 300, ""reg_alpha"": 0.0, ""reg_lambda"": 0.5, ""sell_threshold"": 0.49, ""subsample"": 0.8}",52
0.4878630124613425,0.5155498336013163,0.511992475271223,4.69750911448548,-35.22923998206444,58.59394120578331,-164.94325763457348,251,11,"{""buy_threshold"": 0.58, ""colsample_bytree"": 1.0, ""gamma"": 0.0, ""learning_rate"": 0.05, ""max_depth"": 2, ""min_child_weight"": 2, ""n_estimators"": 400, ""reg_alpha"": 0.01, ""reg_lambda"": 0.5, ""sell_threshold"": 0.48, ""subsample"": 1.0}",57
0.48563323453591506,0.5127765850648153,0.47700854904672724,4.548275157298071,-37.092609359422674,53.17106000984142,-165.09249159176088,504,11,"{""buy_threshold"": 0.53, ""colsample_bytree"": 0.9, ""gamma"": 0.3, ""learning_rate"": 0.1, ""max_depth"": 6, ""min_child_weight"": 2, ""n_estimators"": 300, ""reg_alpha"": 0.01, ""reg_lambda"": 2.0, ""sell_threshold"": 0.47, ""subsample"": 0.9}",26
0.4894461838646556,0.519697023862907,0.5045609503270443,4.282695114723225,-37.357361446093414,55.88976584600105,-165.35807163433572,407,11,"{""buy_threshold"": 0.58, ""colsample_bytree"": 0.7, ""gamma"": 0.3, ""learning_rate"": 0.08, ""max_depth"": 5, ""min_child_weight"": 1, ""n_estimators"": 150, ""reg_alpha"": 0.01, ""reg_lambda"": 5.0, ""sell_threshold"": 0.47, ""subsample"": 1.0}",63
0.5010367851802635,0.5359402713214237,0.5156931898536165,3.565189678918516,-36.633511244405106,58.68775948321402,-166.07557707014044,343,11,"{""buy_threshold"": 0.55, ""colsample_bytree"": 1.0, ""gamma"": 0.5, ""learning_rate"": 0.08, ""max_depth"": 2, ""min_child_weight"": 2, ""n_estimators"": 300, ""reg_alpha"": 0.01, ""reg_lambda"": 2.0, ""sell_threshold"": 0.5, ""subsample"": 0.9}",59
0.49293490196660683,0.5359141601981371,0.5065644756811445,3.562181630003744,-35.219794750039384,60.09827337413544,-166.0785851190552,228,11,"{""buy_threshold"": 0.58, ""colsample_bytree"": 1.0, ""gamma"": 1.0, ""learning_rate"": 0.08, ""max_depth"": 2, ""min_child_weight"": 4, ""n_estimators"": 400, ""reg_alpha"": 0.0, ""reg_lambda"": 0.5, ""sell_threshold"": 0.5, ""subsample"": 1.0}",11
0.4915955999576847,0.5191043334165593,0.5069229634511463,3.46379034067231,-32.78300504847643,55.87376417871774,-166.17697640838662,271,11,"{""buy_threshold"": 0.58, ""colsample_bytree"": 0.9, ""gamma"": 0.3, ""learning_rate"": 0.08, ""max_depth"": 3, ""min_child_weight"": 1, ""n_estimators"": 100, ""reg_alpha"": 0.1, ""reg_lambda"": 5.0, ""sell_threshold"": 0.5, ""subsample"": 0.9}",36
0.4953349925360623,0.5250422278330842,0.5328741368274463,3.259132041095965,-38.659072206794924,57.8583596534347,-166.381634707963,436,11,"{""buy_threshold"": 0.52, ""colsample_bytree"": 1.0, ""gamma"": 0.5, ""learning_rate"": 0.03, ""max_depth"": 4, ""min_child_weight"": 1, ""n_estimators"": 300, ""reg_alpha"": 0.1, ""reg_lambda"": 5.0, ""sell_threshold"": 0.48, ""subsample"": 1.0}",77
0.4921594319364974,0.5231113142138126,0.5025008051112421,2.797097687349731,-34.59625198728039,58.130953402383255,-166.84366906170922,353,11,"{""buy_threshold"": 0.58, ""colsample_bytree"": 0.7, ""gamma"": 0.5, ""learning_rate"": 0.03, ""max_depth"": 4, ""min_child_weight"": 4, ""n_estimators"": 400, ""reg_alpha"": 0.0, ""reg_lambda"": 2.0, ""sell_threshold"": 0.47, ""subsample"": 0.7}",96
0.48090209404747103,0.5161860288005458,0.4736642241386593,2.526008805662724,-34.8155277187036,57.279258463832164,-167.11475794339623,428,11,"{""buy_threshold"": 0.58, ""colsample_bytree"": 1.0, ""gamma"": 0.0, ""learning_rate"": 0.08, ""max_depth"": 4, ""min_child_weight"": 6, ""n_estimators"": 300, ""reg_alpha"": 0.0, ""reg_lambda"": 5.0, ""sell_threshold"": 0.48, ""subsample"": 0.9}",75
0.4886039003018363,0.5222795196007995,0.48737637222454994,2.504557962348979,-37.13391744181423,56.432283176065376,-167.13620878670997,450,11,"{""buy_threshold"": 0.52, ""colsample_bytree"": 1.0, ""gamma"": 1.0, ""learning_rate"": 0.1, ""max_depth"": 5, ""min_child_weight"": 2, ""n_estimators"": 150, ""reg_alpha"": 0.01, ""reg_lambda"": 0.5, ""sell_threshold"": 0.49, ""subsample"": 0.8}",83
0.4936614991348266,0.526898603529321,0.4990812575493187,2.3887506572346306,-35.51824352785292,56.202536531383494,-167.25201609182432,347,11,"{""buy_threshold"": 0.55, ""colsample_bytree"": 1.0, ""gamma"": 0.5, ""learning_rate"": 0.08, ""max_depth"": 4, ""min_child_weight"": 2, ""n_estimators"": 100, ""reg_alpha"": 0.0, ""reg_lambda"": 1.0, ""sell_threshold"": 0.5, ""subsample"": 1.0}",86
0.4864519477691394,0.5150765104046156,0.5234046883441633,2.0891401952587643,-36.651379365988824,56.81959483270139,-167.55162655380016,388,11,"{""buy_threshold"": 0.55, ""colsample_bytree"": 0.8, ""gamma"": 0.1, ""learning_rate"": 0.1, ""max_depth"": 3, ""min_child_weight"": 2, ""n_estimators"": 150, ""reg_alpha"": 0.0, ""reg_lambda"": 5.0, ""sell_threshold"": 0.47, ""subsample"": 1.0}",91
0.48751749988709747,0.5208965263224692,0.4864512074847322,1.6407098668134859,-34.41839368063725,56.21148616089429,-168.00005688224545,340,11,"{""buy_threshold"": 0.58, ""colsample_bytree"": 1.0, ""gamma"": 0.3, ""learning_rate"": 0.03, ""max_depth"": 4, ""min_child_weight"": 2, ""n_estimators"": 300, ""reg_alpha"": 1.0, ""reg_lambda"": 0.5, ""sell_threshold"": 0.48, ""subsample"": 0.9}",47
0.4793266556919253,0.508735784592053,0.4717604026906073,1.611042952581323,-39.10754914396879,53.04556252075229,-168.0297237964776,531,11,"{""buy_threshold"": 0.51, ""colsample_bytree"": 0.7, ""gamma"": 0.3, ""learning_rate"": 0.1, ""max_depth"": 4, ""min_child_weight"": 2, ""n_estimators"": 300, ""reg_alpha"": 0.01, ""reg_lambda"": 2.0, ""sell_threshold"": 0.48, ""subsample"": 0.9}",66
0.4876979582897963,0.5225835110423577,0.4844313258682238,1.0553833449718752,-35.86830170133417,55.449852060662536,-168.58538340408705,478,11,"{""buy_threshold"": 0.5, ""colsample_bytree"": 0.9, ""gamma"": 0.0, ""learning_rate"": 0.1, ""max_depth"": 2, ""min_child_weight"": 1, ""n_estimators"": 150, ""reg_alpha"": 1.0, ""reg_lambda"": 1.0, ""sell_threshold"": 0.5, ""subsample"": 0.7}",24
0.48705630091825297,0.5194395284843023,0.5003197940164967,-0.3067460257052352,-38.20276241787653,55.56433711039076,-169.9475127747642,426,11,"{""buy_threshold"": 0.53, ""colsample_bytree"": 0.8, ""gamma"": 0.5, ""learning_rate"": 0.03, ""max_depth"": 6, ""min_child_weight"": 4, ""n_estimators"": 400, ""reg_alpha"": 1.0, ""reg_lambda"": 0.5, ""sell_threshold"": 0.48, ""subsample"": 1.0}",51
0.48711785597848106,0.5181320273181695,0.510311496832935,-0.5155324896002356,-38.223017031809576,55.09247859510756,-170.1562992386592,452,11,"{""buy_threshold"": 0.5, ""colsample_bytree"": 1.0, ""gamma"": 1.0, ""learning_rate"": 0.03, ""max_depth"": 3, ""min_child_weight"": 4, ""n_estimators"": 400, ""reg_alpha"": 0.01, ""reg_lambda"": 2.0, ""sell_threshold"": 0.47, ""subsample"": 1.0}",7
0.48728544658969497,0.5205346127421763,0.49644893502137677,-0.784271121305257,-35.64762682980834,58.473258496986915,-170.4250378703642,377,11,"{""buy_threshold"": 0.53, ""colsample_bytree"": 0.7, ""gamma"": 0.1, ""learning_rate"": 0.05, ""max_depth"": 3, ""min_child_weight"": 1, ""n_estimators"": 150, ""reg_alpha"": 0.1, ""reg_lambda"": 2.0, ""sell_threshold"": 0.45, ""subsample"": 0.8}",74
